<bookinfo id="EBOOK_25" autoFlipSeconds="5" autoMoveAfterZoom="false" bgColor="#454545 " bgImage="" shadow="true" pageWidth="1125" pageHeight="1625" flipSpeedBoost="80" title="EBOOK 25" author="" zipIcon="content/images/iconZip.gif" exeIcon="content/images/iconExe.gif" companyUrl="http://www.ePageCreator.net" gateway="http://flipcreator.net/share/email.php" shareUrl="index.html" bookmarkWidth="18" bookmarkHeight="150" bookmarkFontSize="10" defaultZoomScale="2" clickToZoom="singleclick" windowColor="#434343 " rightToLeft="false" autoFlip="false" fitScreenAfterZoom="false" zoomAfterLoaded="false" limitTo100="false" showZoomBox="true" mouseWheelZoom="false" flipArrow="false" bookSize="10" thickness="0" companyName="" companyAddress="" tel="" email="" loadingLogo="" zipUrl="" exeUrl="" fullScreen="false" hardCover="false" pdfUrl="" lic="oaqgn5a0pKGgn5ls" password="ga+VZnauoax5" analyticsUA="">
	<leftmenu showTabBackground="true" visible="true" hideAfterZoom="false">
		<issues visible="false" icon=""/>
		<toc visible="false" icon=""/>
		<thumbs visible="false" icon=""/>
		<email visible="false" icon=""/>
		<sns visible="false" icon=""/>
		<print visible="false" icon=""/>
		<pdf visible="false" singlePage="true" doublePage="true" entirePDF="false" icon=""/>
		<download visible="false" icon=""/>
		<setting visible="false" icon=""/>
		<about visible="false" icon=""/>
		<close visible="false" icon=""/></leftmenu>
	<bottommenu background="content/images/menuBackground.png" visible="true" iconSameSize="false" position="bottom" hideAfterZoom="false" showBackground="false" autoHideOnFullScreen="false">
		<help visible="false" url="http://www.ePageCreator.net/readerhelp/index.html" icon=""/>
		<info visible="false" url="http://www.ePageCreator.net" icon=""/>
		<zoom visible="false" mode="normal" icon="" dicon=""/>
		<autoflip visible="false" icon=""/>
		<search visible="true" icon=""/>
		<highlight visible="false" icon=""/>
		<bookmark visible="false" icon=""/>
		<notes visible="false" icon=""/>
		<fullscreen visible="true" icon="" dicon=""/>
		<sound visible="false" icon="" dicon=""/><back visible="false" icon=""/><forward visible="false" icon=""/></bottommenu>
	<contextmenu>
	</contextmenu>
	<tks>
		<tk begin="1" end="2" value="1"/>
		<tk begin="3" end="5" value="2"/>
		<tk begin="6" end="10" value="3"/>
		<tk begin="11" end="20" value="4"/>
		<tk begin="21" end="30" value="5"/>
		<tk begin="31" end="40" value="6"/>
		<tk begin="41" end="60" value="7"/>
		<tk begin="61" end="120" value="8"/>
		<tk begin="121" end="0" value="9"/>
	</tks>
	<bottomthumb bgAlpha="0" bgColor="#000000" visible="false"/><tooltip bgColor="#000000 " fgColor="#FFFFFF " showZoomTip="true" showFlipTip="true"/></bookinfo>
