﻿<?xml version = "1.0" encoding = "UTF-8"?>
<contents>
  <content title="capa" page="1">
  <content title="Número do slide 1" page="1"/>
  </content>
  <content title="Ebook" page="2">
  <content title="CIPA ABV" page="2"/>
  <content title="CIPA ALTO COTIA" page="3"/>
  <content title="CIPA ARTHUR ALVIM" page="4"/>
  <content title="CIPA AVARÉ" page="5"/>
  <content title="CIPA BELA VISTA" page="6"/>
  <content title="CIPA BOTUCATU" page="7"/>
  <content title="CIPA CAÇAPAVA" page="8"/>
  <content title="CIPA CACHOEIRA PAULISTA" page="9"/>
  <content title="CIPA CACHOEIRINHA" page="10"/>
  <content title="CIPA CAMPO LIMPO PAULISTA" page="11"/>
  <content title="CIPA CARAGUATATUBA PÁTIO" page="12"/>
  <content title="CIPA CARAGUATATUBA SUPERINTENDÊNCIA" page="13"/>
  <content title="CIPA CIDADE MARTINS GUARULHOS" page="14"/>
  <content title="CIPA COMPLEXO ADMINISTRATIVO COSTA CARVALHO" page="15"/>
  <content title="CIPA COMPLEXO ADMINISTRATIVO PONTE PEQUENA" page="16"/>
  <content title="CIPA COMPLEXO BARUERI" page="17"/>
  <content title="CIPA CONSOLAÇÃO" page="18"/>
  <content title="CIPA DIADEMA" page="19"/>
  <content title="CIPA DIVISÃO SANTOS" page="20"/>
  <content title="CIPA DOLZANI RICARDO - SJC" page="21"/>
  <content title="CIPA EPC SANTOS" page="22"/>
  <content title="CIPA ESCRITÓRIO REGIONAL SÃO MATEUS" page="23"/>
  <content title="CIPA ESI" page="24"/>
  <content title="CIPA ESPIRITO SANTO PINHAL" page="25"/>
  <content title="CIPA ETA CUBATÃO" page="26"/>
  <content title="CIPA ETA DE SÃO JOSÉ CAMPOS" page="27"/>
  <content title="CIPA ETA JURUBATUBA" page="28"/>
  <content title="CIPA ETA REGISTRO" page="29"/>
  <content title="CIPA ETA RIO GRANDE" page="30"/>
  <content title="CIPA ETA TAIAÇUPEBA" page="31"/>
  <content title="CIPA ETA TAUBATÉ" page="32"/>
  <content title="CIPA ETE ABC" page="33"/>
  <content title="CIPA ETE FRANCA" page="34"/>
  <content title="CIPA ETE SÃO MIGUEL" page="35"/>
  <content title="CIPA ETE SUZANO" page="36"/>
  <content title="CIPA FRANCA" page="37"/>
  <content title="CIPA FRANCO DA ROCHA" page="38"/>
  <content title="CIPA FREGUESIA DO Ó" page="39"/>
  <content title="CIPA GERÊNCIA DISTRITO PRESIDENTE PRUDENTE" page="40"/>
  <content title="CIPA GERÊNCIA DIVISÃO ASSIS" page="41"/>
  <content title="CIPA GUARAPIRANGA" page="42"/>
  <content title="CIPA GUARAÚ" page="43"/>
  <content title="CIPA GUARUJÁ" page="44"/>
  <content title="CIPA GUILHERME ROSA - SJC" page="45"/>
  <content title="CIPA HEITOR VILA LOBOS - SJC" page="46"/>
  <content title="CIPA HORTOLÂNDIA" page="47"/>
  <content title="CIPA INOCOOP GUARULHOS" page="48"/>
  <content title="CIPA IPIRANGA CORONEL DIOGO" page="49"/>
  <content title="CIPA IPIRANGA ETE JESUS NETO" page="50"/>
  <content title="CIPA ITANHAÉM" page="51"/>
  <content title="CIPA ITAPETININGA" page="52"/>
  <content title="CIPA ITAPEVA" page="53"/>
  <content title="CIPA ITAQUAQUECETUBA" page="54"/>
  <content title="CIPA ITAQUERA" page="55"/>
  <content title="CIPA ITARARÉ" page="56"/>
  <content title="CIPA ITATIBA" page="57"/>
  <content title="CIPA ITUPEVA" page="58"/>
  <content title="CIPA LAPA" page="59"/>
  <content title="CIPA LEOPOLDINA" page="60"/>
  <content title="CIPA LINS SUPERINTENDÊNCIA" page="61"/>
  <content title="CIPA MAUÁ SAMA" page="62"/>
  <content title="CIPA MIRANTE" page="63"/>
  <content title="CIPA MOCOCA" page="64"/>
  <content title="CIPA MONTE ALTO" page="65"/>
  <content title="CIPA MOOCA" page="66"/>
  <content title="CIPA MUSSOLINI" page="67"/>
  <content title="CIPA NOVO HORIZONTE" page="68"/>
  <content title="CIPA PARAGUAÇU PAULISTA" page="69"/>
  <content title="CIPA PAULÍNIA" page="70"/>
  <content title="CIPA PENHA" page="71"/>
  <content title="CIPA PERUÍBE" page="72"/>
  <content title="CIPA PINDAMONHANGABA" page="73"/>
  <content title="CIPA PIRITUBA" page="74"/>
  <content title="CIPA POÁ" page="75"/>
  <content title="CIPA POLO DE MANUTENÇÃO BRAGANÇA PAULISTA" page="76"/>
  <content title="CIPA POLO MANUTENÇÃO CAMPO LIMPO" page="77"/>
  <content title="CIPA POLO MANUTENÇÃO COTIA" page="78"/>
  <content title="CIPA POLO MANUTENÇÃO OSASCO" page="79"/>
  <content title="CIPA POLO MANUTENÇÃO SÃO MATEUS" page="80"/>
  <content title="CIPA PQ NOVO MUNDO" page="81"/>
  <content title="CIPA PRAIA GRANDE" page="82"/>
  <content title="CIPA RIO CLARO" page="83"/>
  <content title="CIPA SABOÓ" page="84"/>
  <content title="CIPA SANTA CRUZ DO RIO PARDO" page="85"/>
  <content title="CIPA SANTANA" page="86"/>
  <content title="CIPA SÃO JOÃO BOA VISTA" page="87"/>
  <content title="CIPA SÃO MANOEL" page="88"/>
  <content title="CIPA SÃO MIGUEL" page="89"/>
  <content title="CIPA SÃO ROQUE" page="90"/>
  <content title="CIPA SÃO SEBASTIÃO" page="91"/>
  <content title="CIPA SÃO VICENTE" page="92"/>
  <content title="CIPA SEDE SANTOS" page="93"/>
  <content title="CIPA SEDE SUPERINTENDÊNCIA REGISTRO" page="94"/>
  <content title="CIPA SETOR TÉCNICO DE LINS" page="95"/>
  <content title="CIPA SETOR TÉCNICO FERNANDÓPOLIS" page="96"/>
  <content title="CIPA SUPERINTENDÊNCIA ITAPETININGA" page="97"/>
  <content title="CIPA SUPERINTENDÊNCIA PRESIDENTE PRUDENTE" page="98"/>
  <content title="CIPA SUZANO" page="99"/>
  <content title="CIPA TATUÍ" page="100"/>
  <content title="CIPA TAUBATÉ" page="101"/>
  <content title="CIPA TUPÃ" page="102"/>
  <content title="CIPA UGR INTERLAGOS" page="103"/>
  <content title="CIPA UGR SANTO AMARO" page="104"/>
  <content title="CIPA UGR TAMANDUATEÍ ARICANDUVA" page="105"/>
  <content title="CIPA VÁRZEA PAULISTA                 " page="106"/>
  <content title="CIPA VILA MARIA" page="107"/>
  <content title="CIPA VILA PRUDENTE" page="108"/>
  </content>
</contents>
