<pages preload="true">
<page id="1" shadow="true" source="content/pages/page1.jpg" thumb="content/thumbs/thumb1.jpg"/>
<page id="2" shadow="true" source="content/pages/page2.jpg" thumb="content/thumbs/thumb2.jpg"/>
<page id="3" shadow="true" source="content/pages/page3.jpg" thumb="content/thumbs/thumb3.jpg"/>
<page id="4" shadow="true" source="content/pages/page4.jpg" thumb="content/thumbs/thumb4.jpg"/>
<page id="5" shadow="true" source="content/pages/page5.jpg" thumb="content/thumbs/thumb5.jpg"/>
<page id="6" shadow="true" source="content/pages/page6.jpg" thumb="content/thumbs/thumb6.jpg"/>
<page id="7" shadow="true" source="content/pages/page7.jpg" thumb="content/thumbs/thumb7.jpg"/>
<page id="8" shadow="true" source="content/pages/page8.jpg" thumb="content/thumbs/thumb8.jpg"/>
<page id="9" shadow="true" source="content/pages/page9.jpg" thumb="content/thumbs/thumb9.jpg"/>
<page id="10" shadow="true" source="content/pages/page10.jpg" thumb="content/thumbs/thumb10.jpg"/>
<page id="11" shadow="true" source="content/pages/page11.jpg" thumb="content/thumbs/thumb11.jpg"/>
<page id="12" shadow="true" source="content/pages/page12.jpg" thumb="content/thumbs/thumb12.jpg"/>
<page id="13" shadow="true" source="content/pages/page13.jpg" thumb="content/thumbs/thumb13.jpg"/>
<page id="14" shadow="true" source="content/pages/page14.jpg" thumb="content/thumbs/thumb14.jpg"/>
<page id="15" shadow="true" source="content/pages/page15.jpg" thumb="content/thumbs/thumb15.jpg"/>
<page id="16" shadow="true" source="content/pages/page16.jpg" thumb="content/thumbs/thumb16.jpg"/>
<page id="17" shadow="true" source="content/pages/page17.jpg" thumb="content/thumbs/thumb17.jpg"/>
<page id="18" shadow="true" source="content/pages/page18.jpg" thumb="content/thumbs/thumb18.jpg"/>
<page id="19" shadow="true" source="content/pages/page19.jpg" thumb="content/thumbs/thumb19.jpg"/>
<page id="20" shadow="true" source="content/pages/page20.jpg" thumb="content/thumbs/thumb20.jpg"/>
<page id="21" shadow="true" source="content/pages/page21.jpg" thumb="content/thumbs/thumb21.jpg"/>
<page id="22" shadow="true" source="content/pages/page22.jpg" thumb="content/thumbs/thumb22.jpg"/>
<page id="23" shadow="true" source="content/pages/page23.jpg" thumb="content/thumbs/thumb23.jpg"/>
<page id="24" shadow="true" source="content/pages/page24.jpg" thumb="content/thumbs/thumb24.jpg"/>
<page id="25" shadow="true" source="content/pages/page25.jpg" thumb="content/thumbs/thumb25.jpg"/>
<page id="26" shadow="true" source="content/pages/page26.jpg" thumb="content/thumbs/thumb26.jpg"/>
<page id="27" shadow="true" source="content/pages/page27.jpg" thumb="content/thumbs/thumb27.jpg"/>
<page id="28" shadow="true" source="content/pages/page28.jpg" thumb="content/thumbs/thumb28.jpg"/>
<page id="29" shadow="true" source="content/pages/page29.jpg" thumb="content/thumbs/thumb29.jpg"/>
<page id="30" shadow="true" source="content/pages/page30.jpg" thumb="content/thumbs/thumb30.jpg"/>
<page id="31" shadow="true" source="content/pages/page31.jpg" thumb="content/thumbs/thumb31.jpg"/>
<page id="32" shadow="true" source="content/pages/page32.jpg" thumb="content/thumbs/thumb32.jpg"/>
<page id="33" shadow="true" source="content/pages/page33.jpg" thumb="content/thumbs/thumb33.jpg"/>
<page id="34" shadow="true" source="content/pages/page34.jpg" thumb="content/thumbs/thumb34.jpg"/>
<page id="35" shadow="true" source="content/pages/page35.jpg" thumb="content/thumbs/thumb35.jpg"/>
<page id="36" shadow="true" source="content/pages/page36.jpg" thumb="content/thumbs/thumb36.jpg"/>
<page id="37" shadow="true" source="content/pages/page37.jpg" thumb="content/thumbs/thumb37.jpg"/>
<page id="38" shadow="true" source="content/pages/page38.jpg" thumb="content/thumbs/thumb38.jpg"/>
<page id="39" shadow="true" source="content/pages/page39.jpg" thumb="content/thumbs/thumb39.jpg"/>
<page id="40" shadow="true" source="content/pages/page40.jpg" thumb="content/thumbs/thumb40.jpg"/>
<page id="41" shadow="true" source="content/pages/page41.jpg" thumb="content/thumbs/thumb41.jpg"/>
<page id="42" shadow="true" source="content/pages/page42.jpg" thumb="content/thumbs/thumb42.jpg"/>
<page id="43" shadow="true" source="content/pages/page43.jpg" thumb="content/thumbs/thumb43.jpg"/>
<page id="44" shadow="true" source="content/pages/page44.jpg" thumb="content/thumbs/thumb44.jpg"/>
<page id="45" shadow="true" source="content/pages/page45.jpg" thumb="content/thumbs/thumb45.jpg"/>
<page id="46" shadow="true" source="content/pages/page46.jpg" thumb="content/thumbs/thumb46.jpg"/>
<page id="47" shadow="true" source="content/pages/page47.jpg" thumb="content/thumbs/thumb47.jpg"/>
<page id="48" shadow="true" source="content/pages/page48.jpg" thumb="content/thumbs/thumb48.jpg"/>
<page id="49" shadow="true" source="content/pages/page49.jpg" thumb="content/thumbs/thumb49.jpg"/>
<page id="50" shadow="true" source="content/pages/page50.jpg" thumb="content/thumbs/thumb50.jpg"/>
<page id="51" shadow="true" source="content/pages/page51.jpg" thumb="content/thumbs/thumb51.jpg"/>
<page id="52" shadow="true" source="content/pages/page52.jpg" thumb="content/thumbs/thumb52.jpg"/>
<page id="53" shadow="true" source="content/pages/page53.jpg" thumb="content/thumbs/thumb53.jpg"/>
<page id="54" shadow="true" source="content/pages/page54.jpg" thumb="content/thumbs/thumb54.jpg"/>
<page id="55" shadow="true" source="content/pages/page55.jpg" thumb="content/thumbs/thumb55.jpg"/>
<page id="56" shadow="true" source="content/pages/page56.jpg" thumb="content/thumbs/thumb56.jpg"/>
<page id="57" shadow="true" source="content/pages/page57.jpg" thumb="content/thumbs/thumb57.jpg"/>
<page id="58" shadow="true" source="content/pages/page58.jpg" thumb="content/thumbs/thumb58.jpg"/>
<page id="59" shadow="true" source="content/pages/page59.jpg" thumb="content/thumbs/thumb59.jpg"/>
<page id="60" shadow="true" source="content/pages/page60.jpg" thumb="content/thumbs/thumb60.jpg"/>
<page id="61" shadow="true" source="content/pages/page61.jpg" thumb="content/thumbs/thumb61.jpg"/>
<page id="62" shadow="true" source="content/pages/page62.jpg" thumb="content/thumbs/thumb62.jpg"/>
<page id="63" shadow="true" source="content/pages/page63.jpg" thumb="content/thumbs/thumb63.jpg"/>
<page id="64" shadow="true" source="content/pages/page64.jpg" thumb="content/thumbs/thumb64.jpg"/>
<page id="65" shadow="true" source="content/pages/page65.jpg" thumb="content/thumbs/thumb65.jpg"/>
<page id="66" shadow="true" source="content/pages/page66.jpg" thumb="content/thumbs/thumb66.jpg"/>
<page id="67" shadow="true" source="content/pages/page67.jpg" thumb="content/thumbs/thumb67.jpg"/>
<page id="68" shadow="true" source="content/pages/page68.jpg" thumb="content/thumbs/thumb68.jpg"/>
<page id="69" shadow="true" source="content/pages/page69.jpg" thumb="content/thumbs/thumb69.jpg"/>
<page id="70" shadow="true" source="content/pages/page70.jpg" thumb="content/thumbs/thumb70.jpg"/>
<page id="71" shadow="true" source="content/pages/page71.jpg" thumb="content/thumbs/thumb71.jpg"/>
<page id="72" shadow="true" source="content/pages/page72.jpg" thumb="content/thumbs/thumb72.jpg"/>
<page id="73" shadow="true" source="content/pages/page73.jpg" thumb="content/thumbs/thumb73.jpg"/>
<page id="74" shadow="true" source="content/pages/page74.jpg" thumb="content/thumbs/thumb74.jpg"/>
<page id="75" shadow="true" source="content/pages/page75.jpg" thumb="content/thumbs/thumb75.jpg"/>
<page id="76" shadow="true" source="content/pages/page76.jpg" thumb="content/thumbs/thumb76.jpg"/>
<page id="77" shadow="true" source="content/pages/page77.jpg" thumb="content/thumbs/thumb77.jpg"/>
<page id="78" shadow="true" source="content/pages/page78.jpg" thumb="content/thumbs/thumb78.jpg"/>
<page id="79" shadow="true" source="content/pages/page79.jpg" thumb="content/thumbs/thumb79.jpg"/>
<page id="80" shadow="true" source="content/pages/page80.jpg" thumb="content/thumbs/thumb80.jpg"/>
<page id="81" shadow="true" source="content/pages/page81.jpg" thumb="content/thumbs/thumb81.jpg"/>
<page id="82" shadow="true" source="content/pages/page82.jpg" thumb="content/thumbs/thumb82.jpg"/>
<page id="83" shadow="true" source="content/pages/page83.jpg" thumb="content/thumbs/thumb83.jpg"/>
<page id="84" shadow="true" source="content/pages/page84.jpg" thumb="content/thumbs/thumb84.jpg"/>
<page id="85" shadow="true" source="content/pages/page85.jpg" thumb="content/thumbs/thumb85.jpg"/>
<page id="86" shadow="true" source="content/pages/page86.jpg" thumb="content/thumbs/thumb86.jpg"/>
<page id="87" shadow="true" source="content/pages/page87.jpg" thumb="content/thumbs/thumb87.jpg"/>
<page id="88" shadow="true" source="content/pages/page88.jpg" thumb="content/thumbs/thumb88.jpg"/>
<page id="89" shadow="true" source="content/pages/page89.jpg" thumb="content/thumbs/thumb89.jpg"/>
<page id="90" shadow="true" source="content/pages/page90.jpg" thumb="content/thumbs/thumb90.jpg"/>
<page id="91" shadow="true" source="content/pages/page91.jpg" thumb="content/thumbs/thumb91.jpg"/>
<page id="92" shadow="true" source="content/pages/page92.jpg" thumb="content/thumbs/thumb92.jpg"/>
<page id="93" shadow="true" source="content/pages/page93.jpg" thumb="content/thumbs/thumb93.jpg"/>
<page id="94" shadow="true" source="content/pages/page94.jpg" thumb="content/thumbs/thumb94.jpg"/>
<page id="95" shadow="true" source="content/pages/page95.jpg" thumb="content/thumbs/thumb95.jpg"/>
<page id="96" shadow="true" source="content/pages/page96.jpg" thumb="content/thumbs/thumb96.jpg"/>
<page id="97" shadow="true" source="content/pages/page97.jpg" thumb="content/thumbs/thumb97.jpg"/>
<page id="98" shadow="true" source="content/pages/page98.jpg" thumb="content/thumbs/thumb98.jpg"/>
<page id="99" shadow="true" source="content/pages/page99.jpg" thumb="content/thumbs/thumb99.jpg"/>
<page id="100" shadow="true" source="content/pages/page100.jpg" thumb="content/thumbs/thumb100.jpg"/>
<page id="101" shadow="true" source="content/pages/page101.jpg" thumb="content/thumbs/thumb101.jpg"/>
<page id="102" shadow="true" source="content/pages/page102.jpg" thumb="content/thumbs/thumb102.jpg"/>
<page id="103" shadow="true" source="content/pages/page103.jpg" thumb="content/thumbs/thumb103.jpg"/>
<page id="104" shadow="true" source="content/pages/page104.jpg" thumb="content/thumbs/thumb104.jpg"/>
<page id="105" shadow="true" source="content/pages/page105.jpg" thumb="content/thumbs/thumb105.jpg"/>
<page id="106" shadow="true" source="content/pages/page106.jpg" thumb="content/thumbs/thumb106.jpg"/>
<page id="107" shadow="true" source="content/pages/page107.jpg" thumb="content/thumbs/thumb107.jpg"/>
<page id="108" shadow="true" source="content/pages/page108.jpg" thumb="content/thumbs/thumb108.jpg"/>
</pages>
